{
  "FilterHeaders": [
    {
      "Header": "user-agent",
      "IncludeInScript": false
    },
    {
      "Header": "upgrade-insecure-requests",
      "IncludeInScript": true
    },
    {
      "Header": "sec-fetch-user",
      "IncludeInScript": true
    },
    {
      "Header": "sec-fetch-site",
      "IncludeInScript": true
    },
    {
      "Header": "sec-fetch-mode",
      "IncludeInScript": true
    },
    {
      "Header": "sec-fetch-dest",
      "IncludeInScript": true
    },
    {
      "Header": "sec-ch-ua-platform",
      "IncludeInScript": true
    },
    {
      "Header": "sec-ch-ua-mobile",
      "IncludeInScript": true
    },
    {
      "Header": "sec-ch-ua",
      "IncludeInScript": true
    },
    {
      "Header": "origin",
      "IncludeInScript": true
    },
    {
      "Header": "if-none-match",
      "IncludeInScript": false
    },
    {
      "Header": "if-modified-since",
      "IncludeInScript": false
    },
    {
      "Header": "cache-control",
      "IncludeInScript": false
    },
    {
      "Header": "accept-language",
      "IncludeInScript": false
    },
    {
      "Header": "accept-encoding",
      "IncludeInScript": false
    },
    {
      "Header": "accept",
      "IncludeInScript": false
    }
  ],
  "FilterResources": [
    {
      "IsNonResource": true,
      "type": "text/html"
    },
    {
      "IsNonResource": false,
      "type": "application/pkix-cert"
    }
  ],
  "GeneralInfo": {
    "BrowserVersion": "",
    "MaxUsedConnections": 5,
    "RecordedBrowser": "Chrome",
    "RecordingDate": "ноя-04-2023",
    "RecordingDuration": 62219,
    "RecordingTimeStamp": 1699117555,
    "TotalBytesReceived": 8216,
    "TotalBytesSent": 5598,
    "TotalRequests": 11
  },
  "HostInfo": [
    {
      "DomainName": "pki.goog",
      "Domains": [
        {
          "HTTPVersion": "HTTP/1.1",
          "IP": "216.239.32.29",
          "IncludeInScript": false,
          "Name": "pki.goog",
          "Port": 80,
          "Requests": [
            {
              "CompressionType": "",
              "DataType": "application/pkix-cert",
              "DownloadTime": 31,
              "EventId": 81,
              "HttpStatus": 200,
              "Size": 1371,
              "URL": "http://pki.goog/repo/certs/gtsr1.der"
            },
            {
              "CompressionType": "gzip",
              "DataType": "application/pkix-cert",
              "DownloadTime": 31,
              "EventId": 78,
              "HttpStatus": 200,
              "Size": 1304,
              "URL": "http://pki.goog/repo/certs/gts1c3.der"
            },
            {
              "CompressionType": "",
              "DataType": "",
              "DownloadTime": 31,
              "EventId": 28,
              "HttpStatus": 304,
              "Size": 0,
              "URL": "http://pki.goog/repo/certs/gtsr1.der"
            },
            {
              "CompressionType": "",
              "DataType": "application/pkix-cert",
              "DownloadTime": 31,
              "EventId": 26,
              "HttpStatus": 200,
              "Size": 1371,
              "URL": "http://pki.goog/repo/certs/gtsr1.der"
            },
            {
              "CompressionType": "",
              "DataType": "",
              "DownloadTime": 31,
              "EventId": 24,
              "HttpStatus": 304,
              "Size": 0,
              "URL": "http://pki.goog/repo/certs/gts1c3.der"
            },
            {
              "CompressionType": "gzip",
              "DataType": "application/pkix-cert",
              "DownloadTime": 31,
              "EventId": 22,
              "HttpStatus": 200,
              "Size": 1304,
              "URL": "http://pki.goog/repo/certs/gts1c3.der"
            }
          ],
          "SSLCipher": "None",
          "SSLVersion": "None"
        }
      ],
      "IncludeInScript": true
    },
    {
      "DomainName": "localhost",
      "Domains": [
        {
          "HTTPVersion": "HTTP/1.1",
          "IP": "[::1]",
          "IncludeInScript": true,
          "Name": "localhost",
          "Port": 1080,
          "Requests": [
            {
              "CompressionType": "",
              "DataType": "text/html",
              "DownloadTime": 109,
              "EventId": 89,
              "HttpStatus": 200,
              "Size": 481,
              "URL": "http://localhost:1080/cgi-bin/login.pl"
            },
            {
              "CompressionType": "",
              "DataType": "text/html",
              "DownloadTime": 15,
              "EventId": 64,
              "HttpStatus": 404,
              "Size": 209,
              "URL": "http://localhost:1080/favicon.ico"
            },
            {
              "CompressionType": "",
              "DataType": "text/html",
              "DownloadTime": 187,
              "EventId": 61,
              "HttpStatus": 200,
              "Size": 1490,
              "URL": "http://localhost:1080/cgi-bin/nav.pl?in=home"
            },
            {
              "CompressionType": "",
              "DataType": "text/html",
              "DownloadTime": 296,
              "EventId": 58,
              "HttpStatus": 200,
              "Size": 686,
              "URL": "http://localhost:1080/cgi-bin/welcome.pl?signOff=true"
            },
            {
              "CompressionType": "",
              "DataType": "",
              "DownloadTime": 16,
              "EventId": 54,
              "HttpStatus": 304,
              "Size": 0,
              "URL": "http://localhost:1080/WebTours/"
            }
          ],
          "SSLCipher": "None",
          "SSLVersion": "None"
        }
      ],
      "IncludeInScript": true
    },
    {
      "DomainName": "googleapis.com",
      "Domains": [
        {
          "HTTPVersion": "HTTP/1.1",
          "IP": "64.233.164.94",
          "IncludeInScript": false,
          "Name": "update.googleapis.com",
          "Port": 80,
          "Requests": [
            {
              "CompressionType": "gzip",
              "DataType": "application/json",
              "DownloadTime": 78,
              "EventId": 87,
              "HttpStatus": 200,
              "Size": 1439,
              "URL": "http://update.googleapis.com/service/update2/json?cup2key=13:OG_G4ENHl4HZdrX-OfUlUmfG5f16wIvJSmJApUY_t8E&cup2hreq=ba1f1473656def4c5ef098df2355fafed535d79cbd3dbe42335032049108bf6e"
            }
          ],
          "SSLCipher": "None",
          "SSLVersion": "None"
        }
      ],
      "IncludeInScript": true
    }
  ],
  "WebSocket": {
    "IncludeInScript": false,
    "IsScriptIncludeWebSocket": false
  },
  "NumberOfCorrelations": 1
}