{
  "FilterHeaders": [
    {
      "Header": "user-agent",
      "IncludeInScript": false
    },
    {
      "Header": "if-modified-since",
      "IncludeInScript": false
    },
    {
      "Header": "accept-language",
      "IncludeInScript": false
    },
    {
      "Header": "accept-encoding",
      "IncludeInScript": false
    }
  ],
  "FilterResources": [
    {
      "IsNonResource": false,
      "type": "application/pkix-cert"
    }
  ],
  "GeneralInfo": {
    "BrowserVersion": "",
    "MaxUsedConnections": 2,
    "RecordedBrowser": "Chrome",
    "RecordingDate": "ноя-05-2023",
    "RecordingDuration": 122375,
    "RecordingTimeStamp": 1699188330,
    "TotalBytesReceived": 2675,
    "TotalBytesSent": 1150,
    "TotalRequests": 4
  },
  "HostInfo": [
    {
      "DomainName": "pki.goog",
      "Domains": [
        {
          "HTTPVersion": "HTTP/1.1",
          "IP": "216.239.32.29",
          "IncludeInScript": false,
          "Name": "pki.goog",
          "Port": 80,
          "Requests": [
            {
              "CompressionType": "",
              "DataType": "application/pkix-cert",
              "DownloadTime": 31,
              "EventId": 291,
              "HttpStatus": 200,
              "Size": 1371,
              "URL": "http://pki.goog/repo/certs/gtsr1.der"
            },
            {
              "CompressionType": "",
              "DataType": "",
              "DownloadTime": 16,
              "EventId": 289,
              "HttpStatus": 304,
              "Size": 0,
              "URL": "http://pki.goog/repo/certs/gtsr1.der"
            },
            {
              "CompressionType": "gzip",
              "DataType": "application/pkix-cert",
              "DownloadTime": 31,
              "EventId": 287,
              "HttpStatus": 200,
              "Size": 1304,
              "URL": "http://pki.goog/repo/certs/gts1c3.der"
            },
            {
              "CompressionType": "",
              "DataType": "",
              "DownloadTime": 31,
              "EventId": 285,
              "HttpStatus": 304,
              "Size": 0,
              "URL": "http://pki.goog/repo/certs/gts1c3.der"
            }
          ],
          "SSLCipher": "None",
          "SSLVersion": "None"
        }
      ],
      "IncludeInScript": true
    }
  ],
  "WebSocket": {
    "IncludeInScript": false,
    "IsScriptIncludeWebSocket": false
  },
  "NumberOfCorrelations": 0
}